{"cameraMode":{"drawMode":0,"name":"Shaded","section":"Shading Mode"},"sceneLighting":false,"audioPlay":false,"sceneViewState":{"m_AlwaysRefresh":false,"showFog":true,"showSkybox":false,"showFlares":true,"showImageEffects":true,"showParticleSystems":true,"showVisualEffectGraphs":true,"m_FxEnabled":true},"in2DMode":false,"pivot":{"x":-0.03497420251369476,"y":0.2042873650789261,"z":-0.7432394027709961},"rotation":{"x":-0.24604353308677674,"y":0.44862455129623415,"z":-0.12998530268669129,"w":-0.84926438331604},"size":0.1679999828338623,"orthographic":false}