{"cameraMode":{"drawMode":0,"name":"Shaded","section":"Shading Mode"},"sceneLighting":false,"audioPlay":false,"sceneViewState":{"m_AlwaysRefresh":false,"showFog":true,"showSkybox":false,"showFlares":true,"showImageEffects":true,"showParticleSystems":true,"showVisualEffectGraphs":true,"m_FxEnabled":true},"in2DMode":false,"pivot":{"x":-0.6925849318504334,"y":-0.17017944157123567,"z":0.336889386177063},"rotation":{"x":-0.7011361122131348,"y":-0.0008151737856678665,"z":0.0008776766480877996,"w":-0.7130106091499329},"size":0.015062137506902218,"orthographic":false}