{"cameraMode":{"drawMode":0,"name":"Shaded","section":"Shading Mode"},"sceneLighting":true,"audioPlay":false,"sceneViewState":{"m_AlwaysRefresh":false,"showFog":true,"showSkybox":true,"showFlares":true,"showImageEffects":true,"showParticleSystems":true,"showVisualEffectGraphs":true,"m_FxEnabled":true},"in2DMode":false,"pivot":{"x":-2.1404001712799074,"y":-0.24059844017028809,"z":13.078765869140625},"rotation":{"x":-0.12635836005210877,"y":0.1866222321987152,"z":-0.024149013683199884,"w":-0.9739851951599121},"size":2.6282055377960207,"orthographic":false}